{"success":true,"message":"","result":{"Bid":9466.55400000,"Ask":9472.16000000,"Last":9465.95200000}}
